[
  {
    "ID": 0,
    "state": "Andaman and Nicobar Islands",
    "cityname": [
      "South Andaman"
    ]
  },
  {
    "ID": 1,
    "state": "Andhra Pradesh",
    "cityname": [
      "Hyderabad",
      "Anantapur",
      "Chittoor",
      "Y.S.R.",
      "East Godavari",
      "Guntur",
      "Krishna",
      "Kurnool",
      "SPSR Nellore",
      "Prakasam",
      "Srikakulam",
      "Visakhapatnam",
      "Vizianagaram",
      "West Godavari"
    ]
  },
  {
    "ID": 2,
    "state": "Arunachal Pradesh",
    "cityname": [
      "East Siang",
      "Lower Subansiri",
      "Papum Pare",
      "Tawang",
      "Upper Subansiri"
    ]
  },
  {
    "ID": 3,
    "state": "Assam",
    "cityname": [
      "Barpeta",
      "Bongaigaon",
      "Cachar",
      "Darrang",
      "Dhemaji",
      "Dhubri",
      "Dibrugarh",
      "Goalpara",
      "Golaghat",
      "Kamrup Metro",
      "Jorhat",
      "Kamrup",
      "Karbi Anglong",
      "Kokrajhar",
      "Lakhimpur",
      "Marigaon",
      "Nagaon",
      "Nalbari",
      "Dima Hasao",
      "Sivasagar",
      "Sonitpur",
      "Tinsukia"
    ]
  },
  {
    "ID": 4,
    "state": "Bihar",
    "cityname": [
      "Araria",
      "Bhojpur",
      "Arwal",
      "Aurangabad",
      "Banka",
      "Munger",
      "Begusarai",
      "Nawada",
      "Gaya",
      "Nalanda",
      "Saran",
      "Bhagalpur",
      "Buxar",
      "Darbhanga",
      "East Champaran",
      "Gopalganj",
      "Jamui",
      "Jehanabad",
      "Kaimur (Bhabua)",
      "Katihar",
      "Khagaria",
      "Kishanganj",
      "Purnia",
      "Lakhisarai",
      "Madhepura",
      "Supaul",
      "Madhubani",
      "Muzaffarpur",
      "Vaishali",
      "Patna",
      "Muzzffarpur",
      "Sheikhpura",
      "Rohtas",
      "Saharsa",
      "Samastipur",
      "Sheohar",
      "Sitamarhi",
      "Siwan",
      "West Champaran"
    ]
  },
  {
    "ID": 5,
    "state": "Chandigarh",
    "cityname": [
      "Chandigarh"
    ]
  },
  {
    "ID": 6,
    "state": "Chhattisgarh",
    "cityname": [
      "Bastar",
      "Bijapur",
      "Bilaspur",
      "Mungeli",
      "Dantewada",
      "Dhamtari",
      "Durg",
      "Janjgir-Champa",
      "Jashpur",
      "Kanker",
      "Kabirdham",
      "Korba",
      "Korea",
      "Mahasamund",
      "Narayanpur",
      "Raigarh",
      "Raipur",
      "Rajnandgaon",
      "Surguja"
    ]
  },
  {
    "ID": 7,
    "state": "Dadra and Nagar Haveli",
    "cityname": [
      "Dadra and Nagar Haveli"
    ]
  },
  {
    "ID": 8,
    "state": "Daman and Diu",
    "cityname": [
      "Daman"
    ]
  },
  {
    "ID": 9,
    "state": "Goa",
    "cityname": [
      "North Goa",
      "South Goa"
    ]
  },
  {
    "ID": 10,
    "state": "Gujarat",
    "cityname": [
      "Bharuch",
      "Rajkot",
      "Surat",
      "Ahmedabad",
      "Amreli",
      "Anand",
      "Banas kantha",
      "Bhavnagar",
      "Dahod",
      "Gandhinagar",
      "Panchmahal",
      "Jamnagar",
      "Junagadh",
      "Kachchh",
      "Kheda",
      "Mahesana",
      "Narmada",
      "Navsari",
      "Patan",
      "Porbandar",
      "Sabar kantha",
      "Surendranagar",
      "Tapi",
      "Dang",
      "Vadodara",
      "Valsad"
    ]
  },
  {
    "ID": 11,
    "state": "Haryana",
    "cityname": [
      "Faridabad",
      "Gurgaon",
      "Ambala",
      "Bhiwani",
      "Palwal",
      "Fatehabad",
      "Mewat",
      "Hisar",
      "Jhajjar",
      "Jind",
      "Kaithal",
      "Karnal",
      "Kurukshetra",
      "Mahendragarh",
      "Panchkula",
      "Panipat",
      "Rewari",
      "Rohtak",
      "Sirsa",
      "Sonipat",
      "Yamunanagar"
    ]
  },
  {
    "ID": 12,
    "state": "Himachal Pradesh",
    "cityname": [
      "Shimla",
      "Bilaspur",
      "Chamba",
      "Hamirpur",
      "Kangra",
      "Kinnaur",
      "Kullu",
      "Lahaul and Spiti",
      "Mandi",
      "Sirmaur",
      "Solan",
      "Una"
    ]
  },
  {
    "ID": 13,
    "state": "Jammu and Kashmir",
    "cityname": [
      "Anantnag",
      "Baramulla",
      "Budgam",
      "Doda",
      "Jammu",
      "Kathua",
      "Pulwama",
      "Srinagar",
      "Udhampur"
    ]
  },
  {
    "ID": 14,
    "state": "Jharkhand",
    "cityname": [
      "Ranchi",
      "Bokaro",
      "Chatra",
      "Deoghar",
      "Dhanbad",
      "Dumka",
      "East Singhbhum",
      "Khunti",
      "Garhwa",
      "Giridih",
      "Godda",
      "Gumla",
      "Hazaribag",
      "Jamtara",
      "Koderma",
      "Latehar",
      "Lohardaga",
      "Pakur",
      "Palamu",
      "Ramgarh",
      "khunti",
      "Sahibganj",
      "West Singhbhum",
      "Seraikella-Kharsawan",
      "Simdega"
    ]
  },
  {
    "ID": 15,
    "state": "Karnataka",
    "cityname": [
      "Bagalkot",
      "Bengaluru Rural",
      "Belagavi",
      "Ballari",
      "Bengaluru Urban",
      "Bidar",
      "Vijayapura",
      "Chamarajanagar",
      "Chikkamagaluru",
      "Chikkaballapur",
      "Chitradurga",
      "Dakshina Kannada",
      "Davangere",
      "Dharwad",
      "Gadag",
      "Gulbarga",
      "Hassan",
      "Haveri",
      "Kodagu",
      "Kolar",
      "Koppal",
      "Mandya",
      "Mysuru",
      "Raichur",
      "Ramanagara",
      "Shivamogga",
      "Tumakuru",
      "Udupi",
      "Uttara Kannada",
      "Yadgir"
    ]
  },
  {
    "ID": 16,
    "state": "Kerala",
    "cityname": [
      "Alappuzha",
      "Ernakulam",
      "Idukki",
      "Kannur",
      "Thiruvananthapuram",
      "Kasaragod",
      "Kollam",
      "Kottayam",
      "Kozhikode",
      "Malappuram",
      "Palakkad",
      "Pathanamthitta",
      "Perintalmanna",
      "Thrissur",
      "Wayanad"
    ]
  },
  {
    "ID": 17,
    "state": "Lakshadweep",
    "cityname": [
      "Lakshadweepÿ"
    ]
  },
  {
    "ID": 18,
    "state": "Madhya Pradesh",
    "cityname": [
      "Anuppur",
      "Shahdol",
      "Shadol",
      "Balaghat",
      "Burhanpur",
      "Barwani",
      "Betul",
      "Bhind",
      "Bhopal",
      "Chhatarpur",
      "Chhindwara",
      "NA",
      "Damoh",
      "Datia",
      "Dewas",
      "Harda",
      "Dhar",
      "Khandwa",
      "Burahanpur",
      "Guna",
      "Gwalior",
      "Hoshangabad",
      "Indore",
      "Jabalpur",
      "Jhabua",
      "Katni",
      "Khargone",
      "Khandwaÿ",
      "Mandsaur",
      "Morena",
      "Narsinghpur",
      "Neemuch",
      "Panna",
      "Raisen",
      "Rajgarh",
      "Ratlam",
      "Rewa",
      "Sagar",
      "Satna",
      "Sehore",
      "Seoni",
      "Shajapur",
      "Shivpuri",
      "Singrauli",
      "Sidhi",
      "Tikamgarh",
      "Ujjain",
      "Umaria",
      "Vidisha"
    ]
  },
  {
    "ID": 19,
    "state": "Maharashtra",
    "cityname": [
      "Ahmednagar",
      "Akola",
      "Amravati",
      "Aurangabad",
      "Beed",
      "Bhandara",
      "Buldhana",
      "Chandrapur",
      "Dhule",
      "Gadchiroli",
      "Gondia",
      "Hingoli",
      "Jalgaon",
      "Jalna",
      "Kolhapur",
      "Latur",
      "Mumbai",
      "Nagpur",
      "Nanded",
      "Nandurbar",
      "Nashik",
      "Osmanabad",
      "Palghar",
      "Parbhani",
      "Pune",
      "Raigarh",
      "Ratnagiri",
      "Sangli",
      "Satara",
      "Sindhudurg",
      "Solapur",
      "Thane",
      "Wardha",
      "Washim",
      "Yavatmal"
    ]
  },
  {
    "ID": 20,
    "state": "Manipur",
    "cityname": [
      "Churachandpur",
      "Imphal West",
      "Imphal East",
      "Thoubal"
    ]
  },
  {
    "ID": 21,
    "state": "Meghalaya",
    "cityname": [
      "East Garo Hills",
      "East Khasi Hills",
      "Jaintia Hills",
      "Ri Bhoi",
      "West Garo Hills",
      "West Khasi Hills"
    ]
  },
  {
    "ID": 22,
    "state": "Mizoram",
    "cityname": [
      "Aizawl",
      "Champhai",
      "Kolasib",
      "Lawngtlai",
      "Lunglei",
      "Mamit",
      "Saiha",
      "Serchhip"
    ]
  },
  {
    "ID": 23,
    "state": "Nagaland",
    "cityname": [
      "Dimapur",
      "Kohima",
      "Mokokchung",
      "Tuensang",
      "Wokha",
      "Zunheboto"
    ]
  },
  {
    "ID": 24,
    "state": "Odisha",
    "cityname": [
      "Angul",
      "Balangir",
      "Baleswar",
      "Bargarh",
      "Ganjamÿ",
      "Bhadrak",
      "Khordha",
      "Boudh",
      "Sambalpurÿ",
      "Cuttack",
      "Dhenkanal",
      "Gajapati",
      "Ganjam",
      "Jagatsinghapur",
      "Jajapur",
      "Jharsuguda",
      "Kalahandi",
      "Kandhamal",
      "Kendrapara",
      "Kendujhar",
      "Koraput",
      "Malkangiri",
      "Mayurbhanj",
      "Nabarangpur",
      "Nayagarh",
      "Nuapada",
      "Puri",
      "Rayagada",
      "Sundargarh",
      "Sambalpur",
      "Sonepur"
    ]
  },
  {
    "ID": 25,
    "state": "Puducherry",
    "cityname": [
      "Puducherry",
      "Karaikal"
    ]
  },
  {
    "ID": 26,
    "state": "Punjab",
    "cityname": [
      "S.A.S Nagar",
      "Amritsar",
      "Barnala",
      "Bathinda",
      "Faridkot",
      "Fatehgarh Sahib",
      "Firozpur",
      "Gurdaspur",
      "Hoshiarpur",
      "Jalandhar",
      "Kapurthala",
      "Ludhiana",
      "Mansa",
      "Moga",
      "Sri Muktsar Sahib",
      "Nawanshahr",
      "Patiala",
      "Rupnagar",
      "Sangrur",
      "Tarn Taran"
    ]
  },
  {
    "ID": 27,
    "state": "Rajasthan",
    "cityname": [
      "Ajmer",
      "Alwar",
      "Banswara",
      "Baran",
      "Barmer",
      "Bharatpur",
      "Bhilwara",
      "Bikaner",
      "Bundi",
      "Chittorgarh",
      "Churu",
      "Dausa",
      "Dholpur",
      "Dungarpur",
      "Ganganagar",
      "Hanumangarh",
      "Jaipur",
      "Jaisalmer",
      "Jalore",
      "Jhalawar",
      "Jhunjhunu",
      "Jodhpur",
      "Karauli",
      "Kota",
      "Nagaur",
      "Pali",
      "Rajsamand",
      "Sawai Madhopur",
      "Sikar",
      "Sirohi",
      "Tonk",
      "Udaipur"
    ]
  },
  {
    "ID": 28,
    "state": "Sikkim",
    "cityname": [
      "East Sikkim"
    ]
  },
  {
    "ID": 29,
    "state": "Tamil Nadu",
    "cityname": [
      "Ariyalur",
      "Chennai",
      "Coimbatore",
      "Cuddalore",
      "Dharmapuri",
      "Dindigul",
      "Erode",
      "Kanchipuram",
      "Kanniyakumari",
      "Karur",
      "Krishnagiri",
      "Madurai",
      "Nagapattinam",
      "Namakkal",
      "Perambalur",
      "Pudukkottai",
      "Ramanathapuram",
      "Salem",
      "Sivaganga",
      "Thanjavur",
      "The Nilgiris",
      "Theni",
      "Tiruchirappalli",
      "Tirunelveli",
      "Tiruvallur",
      "Tiruvannamalai",
      "Tiruvarur",
      "Tuticorin",
      "Vellore",
      "Villupuram",
      "Virudhunagar"
    ]
  },
  {
    "ID": 30,
    "state": "Telangana",
    "cityname": [
      "Hyderabad",
      "Adilabad",
      "Karimnagar",
      "Khammam",
      "Mahabubnagar",
      "Medak",
      "Nalgonda",
      "Nizamabad",
      "Ranga Reddy",
      "Warangal"
    ]
  },
  {
    "ID": 31,
    "state": "Tripura",
    "cityname": [
      "Dhalai",
      "North Tripura",
      "South Tripura",
      "West Tripura"
    ]
  },
  {
    "ID": 32,
    "state": "Uttar Pradesh",
    "cityname": [
      "Agra",
      "Aligarh",
      "Allahabad",
      "Ambedkar Nagar",
      "Amrohaÿ",
      "Auraiya",
      "Azamgarh",
      "Baghpat",
      "Bahraich",
      "Ballia",
      "Balrampur",
      "Banda",
      "Barabanki",
      "Bareilly",
      "Basti",
      "Bhadohiÿ",
      "Bijnor",
      "Budaun",
      "Bulandshahr",
      "Chandauli",
      "Chitrakoot",
      "Deoria",
      "Etah",
      "Etawah",
      "Faizabad",
      "Faridabad",
      "Farrukhabad",
      "Fatehpur",
      "Firozabad",
      "Gautam Buddha Nagar",
      "Ghaziabad",
      "Ghazipur",
      "Gonda",
      "Gorakhpur",
      "Hamirpur",
      "Hardoi",
      "Hathras",
      "Jalaun",
      "Jaunpur",
      "Jhansi",
      "Kannauj",
      "Kanpur Dehat",
      "Kanpur Nagar",
      "Kaushambi",
      "Kheri",
      "Kushinagar",
      "Lalitpur",
      "Lucknow",
      "Maharajganj",
      "Mahoba",
      "Mainpuri",
      "Mathura",
      "Mau",
      "Meerut",
      "Mirzapur",
      "Moradabad",
      "Muzaffarnagar",
      "Pilibhit",
      "Pratapgarh",
      "Raebareli",
      "Rampur",
      "Saharanpur",
      "Sant Kabir Nagar",
      "Shahjahanpur",
      "Shravasti",
      "Siddharth Nagar",
      "Sitapur",
      "Sonbhadra",
      "Sultanpur",
      "Unnao",
      "Varanasi"
    ]
  },
  {
    "ID": 33,
    "state": "Uttarakhand",
    "cityname": [
      "Almora",
      "Bageshwar",
      "Chamoli",
      "Champawat",
      "Dehradun",
      "Haridwar",
      "Nainital",
      "Pauri Garhwal",
      "Pithoragarh",
      "Rudraprayag",
      "Tehri Garhwal",
      "Udham Singh Nagar",
      "Uttarkashi"
    ]
  },
  {
    "ID": 34,
    "state": "West Bengal",
    "cityname": [
      "Kolkata",
      "Bankura",
      "Bardhaman",
      "Birbhum",
      "Cooch Behar",
      "Darjeelingÿ",
      "Dinajpur Dakshin",
      "Dinajpur Uttar",
      "Hooghly",
      "Howrah",
      "24 Pargs (N)",
      "Jalpaiguri",
      "Malda",
      "Medinipur East",
      "Medinipur West",
      "Murshidabad",
      "Nadia",
      "North 24 Parganas",
      "Purulia",
      "South 24 Parganas"
    ]
  }
]